{"8": [0.924967945448361, 0.9255605073537169, 0.9254791444924183, 0.924776502436403, 0.925346090368658, 0.9255619461829144, 0.9250615991869111, 0.9250155075822439, 0.925484401066958, 0.9255619461829144], "10": [0.9070811711280888, 0.9070524400929244, 0.906956296941105, 0.9075637643000031, 0.9067764797682949, 0.9072878770881513, 0.9068714269488528, 0.9074325687826638, 0.9074969604506683, 0.9068712350663448], "12": [0.8893071800581561, 0.888915747438115, 0.8894488589172778, 0.8891080391220222, 0.8891961653802231, 0.8900932096881028, 0.8900496114055193, 0.8890502802661812, 0.889728984571972, 0.8896880261691573], "14": [0.8722302233040469, 0.871024748842013, 0.871917874923105, 0.871853472866708, 0.8711085601438795, 0.8709249687588306, 0.8704496802506015, 0.8723372687807882, 0.8724699045588845, 0.8724951939256902], "16": [0.855840561375719, 0.8546977363382947, 0.8540986278518325, 0.8545919555987204, 0.8546181449135152, 0.8540869055872532, 0.8535726921720772, 0.8550582859253176, 0.854992209325541, 0.8538018559148265], "18": [0.8390656177310779, 0.8372271108407452, 0.8386425411468973, 0.8376130038931583, 0.8392813448443636, 0.8388092572596735, 0.8374827041172054, 0.8371985643983731, 0.8372985874004252, 0.8366556720671621], "20": [0.8206635041982603, 0.820651150725243, 0.8215416082295768, 0.8232642749087321, 0.8203586373906313, 0.8214936825662679, 0.8223808109187954, 0.8205645787090164, 0.8220749315326944, 0.8209605722560914], "22": [0.8062724304212239, 0.8034528685537116, 0.8037660946060071, 0.8047888324955595, 0.8045713908820651, 0.8053635278169168, 0.804216265416237, 0.8047210717105091, 0.8054376935264895, 0.8054984449160362]}